sizes_2D,edt_mean_2D,edt_std_2D,sedt_mean_2D,sedt_std_2D,sedt_inplace_mean_2D,sedt_inplace_std_2D,sedt_threaded_mean_2D,sedt_threaded_std_2D,sedt_threaded_mean_2D_depth,sedt_threaded_std_2D_depth,sedt_threaded_mean_2D_nonthread,sedt_threaded_std_2D_nonthread,sedt_threaded_mean_2D_worksteal,sedt_threaded_std_2D_worksteal
1.0,324.8896521464646,2261.295836297525,708.4019795698925,4108.762921363873,429.149525889328,3079.6455052281244,65998.8723,178307.03457889828,315.05026803652964,122.73821893417157,95.18489174406605,78.26139318361275,4332.67295,31306.76032609321
4489.0,158899.1877,617683.605483731,275799.9685,877126.2110079629,138708.529,304151.4689454929,92383.2736,290436.9735229939,92874.3119,27286.565054969236,105295.9562,4556.653803096049,180430.4383,42053.75094840502
17956.0,318228.7994,593448.6872815985,827270.4200331126,898595.3957169495,683660.8204741675,347306.1506179216,362751.3333,563041.6043019647,326383.2467,105904.30850910326,552143.0822251773,103823.90526288791,529002.8226784385,164139.86527955858
40000.0,671482.5490275527,945192.9734155126,1.7359716124435177e6,1.4398005746935557e6,1.4611305162328165e6,453504.2443233498,784432.9429472025,727648.686305678,717545.8762662808,327283.4344819426,1.3292954074567244e6,117637.46025454991,849416.8487995913,89877.39626557681
